{"train/loss": 0.5483, "train/grad_norm": 1.9700465202331543, "train/learning_rate": 2.62407979102351e-06, "train/epoch": 3.0, "train/global_step": 4221, "_timestamp": 1713315840.729746, "_runtime": 1425.4879322052002, "_step": 3, "eval/loss": 0.6413190960884094, "eval/accuracy": 0.7693798449612403, "eval/f1": 0.0, "eval/precision": 0.0, "eval/recall": 0.0, "eval/runtime": 24.6775, "eval/samples_per_second": 41.819, "eval/steps_per_second": 5.227, "train_runtime": 1405.5488, "train_samples_per_second": 48.026, "train_steps_per_second": 3.003, "total_flos": 6.290816281872998e+16, "train_loss": 0.15880236414421567, "_wandb": {"runtime": 1427}}