{"train/loss": 0.4566, "train/grad_norm": 5.1628007888793945, "train/learning_rate": 2.62407979102351e-06, "train/epoch": 3.0, "train/global_step": 4221, "_timestamp": 1713347772.3453646, "_runtime": 1601.8575105667114, "_step": 11, "eval/loss": 0.2773244380950928, "eval/accuracy": 0.9263565891472868, "eval/f1": 0.8272727272727273, "eval/precision": 0.900990099009901, "eval/recall": 0.7647058823529411, "eval/runtime": 8.0169, "eval/samples_per_second": 128.728, "eval/steps_per_second": 16.091, "train_runtime": 1595.0915, "train_samples_per_second": 42.319, "train_steps_per_second": 2.646, "total_flos": 1.776078556996608e+16, "train_loss": 0.5318702204310479, "_wandb": {"runtime": 1602}}