{"train/loss": 0.5572, "train/grad_norm": 2.290484666824341, "train/learning_rate": 1.4497744003799573e-05, "train/epoch": 2.13, "train/global_step": 3000, "_timestamp": 1713313271.3787236, "_runtime": 3489.770254611969, "_step": 7, "eval/loss": 0.5650297403335571, "eval/accuracy": 0.7693798449612403, "eval/f1": 0.0, "eval/precision": 0.0, "eval/recall": 0.0, "eval/runtime": 25.0444, "eval/samples_per_second": 41.207, "eval/steps_per_second": 5.151}