{"eval/loss": 0.5403842329978943, "eval/accuracy": 0.7693798449612403, "eval/f1": 0.0, "eval/precision": 0.0, "eval/recall": 0.0, "eval/runtime": 25.0164, "eval/samples_per_second": 41.253, "eval/steps_per_second": 5.157, "train/epoch": 3.0, "train/global_step": 939, "_timestamp": 1713309077.8214517, "_runtime": 1167.2643597126007, "_step": 4, "train/loss": 0.5634, "train/grad_norm": 1.7968835830688477, "train/learning_rate": 2.3627556512378904e-05, "train_runtime": 1144.6107, "train_samples_per_second": 13.105, "train_steps_per_second": 0.82, "total_flos": 1.397897044992e+16, "train_loss": 0.5605760600747138, "_wandb": {"runtime": 1169}}