,English,Spanish,Arabic,Deutch,All languages
Mistral,0.8450755940916146,0.7194244545915779,0.7735870043000479,0.6233654023905552,0.7101454079236426
Gemma,0.5253001715265866,0.8353220338983051,0.0971364365971107,0.361395878637258,0.4113298672336895
xlmRobertalarge,,,,,
